Chromosome,Start,End,Sequence,atac_signals,Label_nuc,H3K4me1,H3K4me3,H3K9me3,H3K27ac,H3K36me3
chr1,35819480,35819604,AAGGTCTCCAGCAAATCAGCAATGGCAGAGAGATGGGGGCAGGAGTGAGAGCGGGGGGATGCTAAGGCCCCTCACTCCCTCCTCTCTCCTCCACTACCCTGTGAAGGCGGCTTTTTTATCCCCA,1.2258064516129032,0,5.593544321675455,0.0560473239710254,0.0,0.0870957328307051,0.1991414159776703
chr1,176527540,176527664,TCCATAAATATACTAAAAATCATATAATGTGCATTCATAATAGGTACTTTTAGTACATATAAACCATAAGATTATAAATGAGAGGTGTTAGTAAAATATATACATATGCACATAAATATAATAT,0.0,0,0.0,0.1485376507043838,1.5603100061416626,0.0519148001988087,0.1344720216528062
chr1,228144140,228144264,CCTGGGCAACAAGAACGGAACTCTGTCTCAAAGAAAAAAAAGTGAGCATTGTCCTTCACCCTCCTTTCCATTTTCATGGCATTGATCAGAACCTTAGAGGATGAAACATGTCAGAAAAAGGGAG,0.6129032258064516,1,15.356807147302936,0.3370549824208982,1.3023586470273234,0.3018702701214821,0.2437935023298186
chr1,54887220,54887344,CAAATACAGATAAAAGAAAATTATTCAACTTAACGGATAAGAGACTACCAGTGTTGCTTAAAGTTTATTTGAATACTAAATTCAATTACTGAACTATGCTATTAACCAACATGTGCTCAAAAGA,11.4758064516129,1,25.374344933417536,6.530291215065987,1.925223587020751,0.7573767804330395,0.0341866611486165
chr1,155563120,155563244,GCCTTTTAAAGAATTTACATTTTTTTCCCCAAAATTATAACTTTGGAACTTTTGTCTTTCAGAATTTCAATATTTGGGGTTGTCTTTTGGGATTATGATCAGCTCCCAAGAAGCACAAATCTGG,8.258064516129032,1,59.24067724904707,36.551807218982326,0.0,10.951132689752887,0.1407412846362398
chr1,223033620,223033744,AGAAATGCTTTGAGAAAGAATTTGCATGTTAAACTCTTGAGATCAATATATATCCAGTACTTTTATTTTAATAATGGCTTTAAAGTCTAAGCATTTCAGCTGTCAAGTCCAACAAGACACTATT,0.0,0,10.170080584864465,0.1899223304804294,2.25238617966252,0.0770816712249671,0.1768246281050866
chr1,6143800,6143924,CCCCAGATCCGGAGAAGGAGCAAGGAGGGGCAAGTGTTCAAAGCACAGGTTCGAGGTATAGTCACAGCCCAGACCTACCATCTGCCTCCCCAGGTGGCCTCAAGCAAGTGTTCAATCTCTCTGT,0.0,0,14.950013291451238,0.0394147522296876,0.0,0.108968605197245,0.0796792443180757
chr1,26472980,26473104,GTCTCGATCTCCTGACCTCGTGATCCAGCCGCCTCAGCCTCCCAAAGTGCTGGGATTACAGGCGTGAGCAACCGCGCCCGGCCCTACAATATTCTTACAAAGCTGATTCTTCAGACCCACCCTC,8.661290322580644,1,0.0,5.236116501592821,0.0,1.4782553026753087,0.0736445862050693
chr1,227947960,227948084,ACCAGGCAAAAAATGAGTAAATAGCTAATTTTTATCAGTAAAGATTACTGAGGAAATCACAACAGCGCTATTCCCAACAGAATGATTTAACAATAGCTATGTTCATGAGGATGCATGATATAGT,5.862903225806452,1,31.93403680862919,0.350521010496924,2.906707932872157,0.4869981653267337,0.0296592379679843
chr1,145161280,145161404,GATTTCATTATATATAGTTGTCACCCAAAAATATACAAGATTGCTTTGGGCTATTTGCGGTCTTTTGTGGTTCCATATACATTTTAGAATTTTTTATATTTTTGTGAAGAATGTCATTTGTATT,4.572580645161291,1,4.729083030454574,0.0502013780116554,3.6554070749590473,0.0,0.0237694486014304
chr1,142232740,142232864,ACCAGGCAGACAAAAATATGATTGATTAACAAGAGGAAAAAGACTTTAGAAACAGACCTATAGATATTAGATTAGGATGCAAGGATGTTTAAATAGCTATAATTAATGTTTTGAAGAGAATAGT,0.0,0,0.0,0.0427314012701953,0.0,0.0,0.0250034830532968
chr1,110053940,110054064,TGTAAACACTCCAACTATTAATAATAACGTATTAAGGAATTATAAGTGGCCCTGTACGTAGGCATTATTTTCTCTTTAATCAGGTTCACTGAGTATTGGGAGACCTAAGAAAGTTAATTATCTT,2.75,1,0.0,0.0513885976416209,1.447062426036404,0.029383284069838,1.5782077783538448
chr1,224701080,224701204,AGTTGAATTCACAGATGCAAAACCCACTAATACAAAACCTATGGCTAGAGAGGGCCAGCTATATTACATTACATTTTGAGATGTAAGTTAAAAATGACTTAAGTATACAAAACAAACGAGCCAG,3.370967741935484,1,20.79778444382452,0.0994832361898114,1.5603100061416626,0.0981639046221971,0.0940929498643644
chr1,91732800,91732924,GCTTTATTCATGTAAATGATATGTCCATCAGTCTAATACTGGGGTGACTTCTTTTTCAGTTTAGGGCTAATGTGTACATCAAATGTGTTTTATTTATGAACTTCAGGAAGATGACAGTTAAAAA,2.548387096774193,1,4.576535455642208,0.1216293119134441,0.4844541996717453,0.2660306994953463,0.3686773546280399
chr1,26993680,26993804,CCCAGTTACACTATATGGACTGGAGGGAGGGACATAACCTGTAAATCTTCCTCCTGACCCACACCCACTCATGCATCCCAGAGAGTGAGGACCAAGGCAAAGAGCCTTCTTGGAGGGTGCCTAG,6.677419354838711,1,51.104599037478046,12.395317492946502,0.7801600098609924,0.9647728305670524,0.0431617610456962
chr1,223955120,223955244,ACTTCTTATGATGCAGCTGAATGGCAACTTTAATGCCTTTTATCATTTCCTCTCTTGCATGGATATAACTAAGGATTGCAAGGATATATACACTTGCATGCCTCCAACTTCCCTATCTTTCTAC,0.0,0,1.2712580542410574,0.0374436940577241,1.0129467022995795,0.0,0.0278558190010728
chr1,55383220,55383344,TCACCACTTCCCATGATGTAAACACCAGCCTCTGGCTCTACCATTATCTTTAACATCACATGGAAGCATCCACACAGAGGGACTGATAATATTTAAGTGAAAAAAATTAGTTTGTTTAATCCTC,0.0,0,0.5085032216964229,0.0866437054599725,1.931515200484184,0.0972415742374235,0.0978086872266665
chr1,228618560,228618684,GAAACCCCCATCTCTACCAAAAATACAAAAATTAGCCAGGCATGGTGGCAGGCACATGTAATCCCAGCTACTTGGGAGGCTGAGGCAGGGGAATTGCTTGAACCTGGGAGGCAGAGGTTGTGGT,0.0,1,16.01783775514172,0.0372877616976057,92.93291842552924,0.0,0.0062088262563901
chr1,205227740,205227864,ATGAGCACTGAGATGCAATTGTTAGCTCCAGCCATGGCTGAAATACACGGGATGAGATACAAAAATGGCACATCACCGTTATTGCTAGGGACAGCCCTGACACACTGTCAAGTGTCCCCTCCGA,10.524193548387096,1,17.69592002899416,13.382471023067351,1.1639411338875372,0.2624729972693227,0.023220477471759
chr1,24662640,24662764,GCCAGGCTGCGAGGCCCAGGGTGGTGACGCCAGCTTGTCTAAGGTCATGTGGTATTCTGGAATGGGATTGGAACTTCAGCCTCTGACTCACCAGCCCCGACCTTGGGCATGACACCAGAGTGCC,0.6129032258064516,0,8.034363662042926,0.1509562473623983,0.7801600098609924,0.0880180669107264,12.12432325270868
chr1,11273160,11273284,GTACAGGAGGCTTCAGGGAAGTACCCTGTGGCTGGGCAGGGATGTGTGAGGCCAGCATCCCCAGGCCCCTGTAGTAAACACGCTTCCTGCAAGCAGGCGCGGGCAGGGGAAGGGGAGGAAACCT,4.290322580645162,1,0.0,16.174575637425146,0.2390812933444976,2.625388506920107,0.0617745233617062
chr1,28236140,28236264,GCAATGGTGTGATCTCGGCTCGCTGCAACCTCCACCTCCCGGGTTCAAGTGATTCTTCTGCTTCAGCGTCTGAAGTAGCTGGAATTACAGGCACACACCACCGAGCCCAGCTAATTTCTAAAAT,2.419354838709677,1,2.186566114425659,99.7326203007852,0.0,3.744193155919352,0.1234878951743725
chr1,33169780,33169904,CACTGACTCTAGTCTCCCTTCTCCCTTGCTCTACCCCATCATACTAATTGGGGAACCTAGGGCAACTGCTGAGTAAGATCAGGCTGTAAGCTGCAGCCTAGCTAGGCAGCCACAGGGGCTACAT,0.4919354838709677,1,12.560033775145008,0.0959941316996851,2.327884397199077,0.0620606135757219,0.3107743635773659
chr1,130999800,130999924,TCAATGCTATTCCTATGAAACTACCAGTGATATACTTCACAGAATTAGAAAAAAAAACTTTTAAAATTCATATGGAACTTAAAAAAGAGCCTGAATAGCCATAACAATCTTAAGCAAAATGAAC,0.0,0,0.0,0.045652198455026,0.0,0.0,0.0278213945097259
chr1,16666420,16666544,GGGAGGTGAGGGCCAGGGTGTGCCCCCTCTGTCCCCAAGACTGTGAGGCCCTAGGATAGGGTGGGGACGTTCCCACCCATCTCAACCTCATCCCAAACCCTGGTGCAGCCTCCAGTAAGGAAAC,20.0,1,8.492006386480023,0.0226593237790849,1.1199027501767682,0.0,0.0098239546923357
chr1,149832880,149833004,ATACAAGAGAGTGAAACCTTAAAGGCATATAATTTTGTGGCTTTTCTTTTATTGAAAAGTGTTTCAAGAAGTAAATTATAATAAGTTGCTGTTCTAAAACCTAACCAAAAATCTTAAATGGGAA,12.306451612903224,1,25.67941768707768,0.0236241007524151,0.0440412908792495,0.0,-0.0217005287620028
chr1,136334580,136334704,TATTATGTTTGATGTAGACCATCCAAGTTATATAACCTCAAGTGGAATTTAAAGATGCATTTTTTTAATCCTTATGATCATTCAGGACCTTCACATCTTCAAATAATTCTGTAAATGAGACTCA,0.0,0,0.0,0.0456866607851078,0.0,0.0,0.0285055922164071
chr1,228109220,228109344,CCAGCTGGTCTAGAACTCCTGGCCTCCTCCAGGAGCGATCCTCCAGCCTTGGCCTCCCAAAGCACAATACGTGTATTTTTCAGAGGGAATTCTCAACTTTCATCAGATTTTTCAAGGAATATGT,6.887096774193549,1,0.0,40.87291979789734,2.3215925376261435,3.206597507480652,0.0896259808251934
chr1,32190580,32190704,TAAGGTTAAAATAGTTAAAACAGTTTCTTTAGAATGAGTTGTTAGCTGGGTGTGGTAGTGTACACCTGTAGTCCCAGCTACTCCAAAGGCTGAGGCAGGAGGATTGCTTGAGCCCAGAAGTTCA,0.685483870967742,0,14.288947474571966,0.1589389471036772,1.075863324346081,0.1818337411649765,8.69337410311545
chr1,99761380,99761504,AAACATTATGCAGTTTTTTTTTCTTTAAGCTCATCAGCTATTGTTAGTGTATTTTATGTGTGGCCCAAGACCGTTCTTCCAGCGTGGCCCAGGGAAGCCAAAAGATTAGACACCCCTCCCCTAA,0.0,0,24.40819340367471,0.1589611408210569,2.158013285167756,0.0450631070040887,0.3360214776569797
chr1,121931040,121931164,AGCATGCTCTGGAACTTCTTTGTGATGTTTGCATTCAACTCACAGAGTTGTACTTTCCTTTTGATAGAGCAGCTTTGAAACCCTCTCTTTCTAGCATCTGCAAGGGGACATTTGGAGGGCTTCG,0.0,0,0.0,0.0458068449290529,0.1509987115859985,0.0,0.0271189724425635
chr1,151041760,151041884,ATTCAAAGAAAATCACACATGTAATACACTTCTAAAAACCAAAGCCAGGAAAATTTTAAAGAAGCCAGAGGAAAAAGATTTATTATATACACCAGAACAATGATAAGAATGATAGCCAACCTCT,0.0,0,130.48204846535958,0.0946290392068124,0.5536619424819946,0.039529055161702,0.2946584459033705
chr1,199954380,199954504,AGGAAGACGTTGGTATCTATTTTTCAGCTGAATTCACAGCTCTGCTAATTTTTTATAAATCTGGATTTTCATTTATATGCTATATAATATAGCAGATAAAATGTGCTTTAAGAGACTAATTGGC,0.0,0,11.695576790840397,0.0734732465878609,1.2331501687726667,0.0206869029620241,0.0656706241650446
chr1,32879160,32879284,TAACTAGTTTATATTATTATCCCCGTTTTATAGAGGAAGATACCAAGGCTCAAATAAAGGAGATGTGATGGAAATTGCTAGCTGTCCACTAAACTTCATCCTCCTGTTCTTCTATGTAGTAGAG,0.0,0,38.7479989528656,0.061389775345883,0.6102864593267441,0.0258256786863409,0.0434811109256359
chr1,44803040,44803164,TCACCCTCCTCAAGCATTTCTTTGGAGAAATAATGTGCACACATACAAGGTACATATGTTGCCAAAATGGTAGTTAGAGGCTAATGTCTACCACCTGACTTATTGATTCAAACAGAGAAAAGGG,0.0,1,11.8989931537259,1.4977385392112117,0.0,0.1814382913852891,1.8059158056013045
chr1,163953000,163953124,TGCTGGAATACCATGACCTGAAGCCTGTCTCCAAAGAGACTCTCAGAGGAAGGGAATGTCATCTCCTCATCAAATCCAATATATTAAGAAATGGCAGGGAGAATCTCAGTGAAGATGGATGTAG,0.0,0,0.0,0.1332021183784931,4.070649085506316,0.0109363881901146,0.175716407236553
chr1,124785780,124785904,GATTACACTTGATTCCACTTGACGATGACTCCACTTGATTCCATTCGATGATTCCATTTGATTCTATTCGATGATAATTCCATTCGATTCCATTAGATGAGGATTGCATTCAATTACATTCAAA,0.0,0,0.0,0.0484407298387058,4.366355659500245,0.0,0.0313191113302544
chr1,226408240,226408364,AATATTTTTTATTACTTTTGTAGATATGGGTTTTTGCCATGTTGCTCAGGCTGATCTCGAACTCCTGGGCTGAAGTGATCCTCCCACTTTGGCCTCCCAAAATGTTGGGATCACAGGGATGAGC,7.580645161290323,1,34.12060988333918,4.652782501712922,1.3401063781592153,0.6058487425888738,0.0875544882109088
chr1,43368100,43368224,GTGGGTCAAGCTGCAGTCTTTGGTGAGGGGTGGGAGATAGAAGAAGCCAGTGCAGAAGGTCCTCTTTATTCCCTATTCCCTTACCTTTAGTTTTTAAAAATGTATCTTAAAAATCTTCACTATG,12.193548387096772,1,0.0,6.415336637246993,0.5725362161474843,1.984227335741443,0.0587419469300056
chr1,78915540,78915664,TCCAGGGCATGTCAGAGCCCCTCCCATCACAGGCCTAGAGGCCTAGGAGGGAAAAACGGTGTCATGGATCAGGCCCAGGACCCCGCTGCTGTGTGCAGCCTAGGGACTTGGTGCCCTGTATCCC,0.0,0,11.8989858858047,0.2038095176460281,1.7490584100446394,0.0843286764237188,0.4740692643869307
chr1,228557120,228557244,AGACTCTGTCTCAAAAAAAAAAAAAGATTTTATAGGAGTTTAATAATAAACTGTACCTTTCCTAATCTTGAATTTTACCATCATTTTTTTTCACAAGCCACACTTCTAGGCCCACAAAACACAT,0.8951612903225806,1,8.034362854496125,0.0212227530146558,8.317467143458705,0.0,0.0123739401178975
chr1,212420100,212420224,TCCTCCCACCCTCTGTCCCTTCAAGCCAAGGCCCTCCCCTCAACACACCTCCATATTTCACTCTGCCTCCTGATTGCCAAGCCTAGGTAGGGTCTTCCTCTGGTTCTCACCCTCCTCAGTGCCT,0.0,0,3.0510241754593386,0.13702024243051,1.56031146837819,0.1030391898727224,0.155639003361425
chr1,166703620,166703744,GCTGCCTTCTCCCTCATAACTACTCTGGTAAGAGTACAATTTAGGCTCCTAAAATTTTACAACATAGTGTAAGCTCTTTTGCCTGTTAATGTGCTATTTATTATGAATTCCTCTTTCACCTATA,0.0,0,0.0,0.2222524290123293,0.8996991221943209,0.024244514128734,0.1908322160522784
chr1,30717980,30718104,TGAACCCAGGAGGTTGAGGTTGCAGTGAGCTGAGATCGCACCACTGCACTCCAGCGTGGGTGACAGAGTGAAACTCCATCTCAAAAAAAAAAAAGGCTACATTTTGAGGAAAAAGGGGAATTAA,17.661290322580644,1,0.0,0.7510794369924453,1.421895812596044,0.2183323542196904,0.0292486775396091
chr1,32964760,32964884,TGGCAGGGCCTGGCACCTGATGTACACCTTCCTCAGTACCCCCTCCCTCAGTTCCCCTCTCTGGAGCTTGCTGGGCTGGCCTCAGAGACACCCTTCTGGGACGGAGTGATAAACAGACCCGGTT,7.725806451612902,1,128.24455716533046,12.59924098368614,2.617297714756381,2.0437844102421114,0.0426220003094884
chr1,59107220,59107344,TCTGAGATACAGTTCATGTGGCTTGGGGTGTGGAGAGGTTGAGGATGATCCTATGGGATAGAGAACGAGTCACTTCTAGTGGGGCCATCTTGATACCACAACTTCATCTTGCCTCCCCCTCCTT,0.0,0,3.051019330178537,0.1000567856094529,0.7801600098609924,0.0777404973463666,0.2070151611922248
chr1,71267740,71267864,AGAGTAATCAATGAATAGTCGATAAAGGGTGACCATTTAGATTGGCTTCCTAATATCATCTTGAAAGCAATTTTCAGTTACTGTGAAGACTGGCAAGGAAAGTACTCCTGGATAAGCGTAGTTT,0.0,0,6.6105523801619,0.2580273445815809,0.7801600098609924,0.0778722540745812,0.2161251605758744
chr1,201123680,201123804,GCAGTGGCTCATGCCTGTAATCCCAGTACTTTCAGGGGCCCAGGTGGGTGGATCAAGAGGTCAGGAGTTCGAGACCAGCCTGACCAACATGGTGAAACCCCGTCTCTACTAAAAATACAAAAAT,0.0,0,21.25544919506196,0.0889300559196741,1.3149402492469358,0.0440090091358269,0.1019882310422197
chr1,147835540,147835664,GCAAAATGGATATTTTGCTGCTTCTTTTCCTTGTGCAACCACTGAACTTGATCCATGCCATGACTAGCGTATTCATGGTGTGGAGTGAAGAGTATGAGTGTAGAGTCAGACTGTCTGAGCTTGG,0.0,0,9.559871712038596,0.1704175606850654,2.3404700756073,0.0930251005676484,0.159302331146694
chr1,64966260,64966384,AACTTTGTGCCTATTGATCAGCATTGCCCCTTTCCCTGCCCATGCCCCCACCTCCCAGCCTCTAGTAACCACCTTTTGATTCTCTAATTCTGTAAGTTTGGCTTTTTTAGATTCCACACACAAG,5.072580645161291,1,40.426040618650376,39.43446951527749,0.6039948463439941,4.632279178788585,0.1018358049613814
