index,chr,beg,end,ctract1,loop1,ctract2,loop2,ctract3,loop3,ctract4,predict_score,predict_tranPH
1,chr1:53945898-53946022,53,79,CCC,AGAGG,CCC,CAC,CCC,GCCTCAG,CCC,0.342,6.06
2,chr1:188841468-188841592,9,30,CCC,GCCAAG,CCC,ACG,CCC,A,CCC,0.262,5.83
3,chr1:188841468-188841592,65,102,CCC,CGGTG,CCC,GCTGGCGCCTCT,CCC,TCCACACCT,CCC,0.465,6.4
4,chr1:188857948-188858072,14,49,CCC,GAGCCTC,CCC,AACAAGCACTGA,CCC,CTGCT,CCC,0.342,6.06
5,chr1:188980678-188980802,49,70,CCC,TC,CCC,TCAT,CCC,CCAT,CCC,0.126,5.45
6,chr4:8158825-8158949,30,68,CCC,GTGCCACG,CCC,ACTCTCACG,CCC,CTCCTGGCGG,CCC,0.414,6.26
7,chr4:8158825-8158949,71,102,CCC,CGCGCC,CCC,GCTGCCG,CCC,GGGAGCA,CCC,0.484,6.46
8,chr9:136790918-136791042,47,83,CCC,CCAATCCAAGG,CCC,TGGC,CCC,TCCGCCTGCA,CCC,0.377,6.16
9,chr10:12129520-12129644,13,32,CCC,G,CCC,TGC,CCC,GGCG,CCC,0.397,6.21
10,chr10:132364373-132364497,75,105,CCC,ACACTCACA,CCC,A,CCC,ACACTTACA,CCC,0.293,5.92
11,chr12:68807975-68808099,26,56,CCC,CCAC,CCC,GCCTCACAG,CCC,GCCGCG,CCC,0.273,5.86
12,chr12:68933143-68933267,80,104,CCC,GGG,CCC,CGCC,CCC,GGACGT,CCC,0.37,6.14
13,chr12:68952525-68952649,72,93,CCC,ACCT,CCC,TC,CCC,TCAT,CCC,0.255,5.81
14,chr12:75218755-75218879,6,26,CCC,TTC,CCC,TGC,CCC,CCA,CCC,0.124,5.45
15,chr12:78470475-78470599,19,43,CCC,CCTGCT,CCC,CACT,CCC,ACA,CCC,0.164,5.56
16,chr12:83563258-83563382,68,88,CCC,TC,CCC,TAGA,CCC,CCA,CCC,0.083,5.33
17,chr12:92552810-92552934,49,81,CCC,TCTCCTTGA,CCC,TCATCTGAAG,CCC,AA,CCC,0.335,6.04
18,chr12:95204438-95204562,41,64,CCC,AGCCACTA,CCC,TA,CCC,TT,CCC,0.174,5.59
19,chr14:104752823-104752947,90,108,CCC,ACGGA,CCC,G,CCC,A,CCC,0.272,5.86
20,chr15:91039910-91040034,14,49,CCC,ACTCTGCAGCTG,CCC,TGT,CCC,AACCTCTGT,CCC,0.473,6.42
21,chr15:92803985-92804109,70,101,CCC,CAGCCTA,CCC,AGTTT,CCC,TCTTGCCT,CCC,0.45,6.36
22,chr15:99251293-99251417,69,92,CCC,GCT,CCC,TCTT,CCC,CAGCT,CCC,0.262,5.83
23,chr16:22190560-22190684,69,92,CCC,CGC,CCC,TGTCCTGT,CCC,G,CCC,0.367,6.13
24,chr16:87391998-87392122,38,68,CCC,GAGCG,CCC,ACAGA,CCC,GGGGTGCGG,CCC,0.309,5.97
25,chr17:47649610-47649734,74,94,CCC,CAT,CCC,AATCT,CCC,T,CCC,0.183,5.61
26,chr19:4471890-4472014,91,123,CCC,ACCTTT,CCC,TTTCACCT,CCC,ATAACCT,CCC,0.395,6.21
27,chr19:4471975-4472099,6,38,CCC,ACCTTT,CCC,TTTCACCT,CCC,ATAACCT,CCC,0.395,6.21
28,chr21:36156595-36156719,51,73,CCC,CG,CCC,GCGGAAA,CCC,CG,CCC,0.349,6.08
29,chr21:36156595-36156719,88,115,CCC,ACCTCCAGGT,CCC,GC,CCC,TGAG,CCC,0.405,6.23
